source,event_month,rows,cumulative_rows
rating,1995-01,4,4
rating,1996-01,42,46
rating,1996-02,453,499
rating,1996-03,9314,9813
rating,1996-04,52544,62357
rating,1996-05,187276,249633
rating,1996-06,260033,509666
rating,1996-07,221134,730800
rating,1996-08,214140,944940
rating,1996-09,151709,1096649
rating,1996-10,191064,1287713
rating,1996-11,184983,1472696
rating,1996-12,139917,1612613
rating,1997-01,110609,1723222
rating,1997-02,68609,1791831
rating,1997-03,100689,1892520
rating,1997-04,86881,1979401
rating,1997-05,96009,2075410
rating,1997-06,81781,2157191
rating,1997-07,57406,2214597
rating,1997-09,19008,2233605
rating,1997-10,21317,2254922
rating,1997-11,38466,2293388
rating,1997-12,20207,2313595
rating,1998-01,23860,2337455
rating,1998-02,17536,2354991
rating,1998-03,19756,2374747
rating,1998-04,18939,2393686
rating,1998-05,10197,2403883
rating,1998-06,14812,2418695
rating,1998-07,81868,2500563
rating,1998-08,39192,2539755
rating,1998-09,19201,2558956
rating,1998-10,13997,2572953
rating,1998-11,15913,2588866
rating,1998-12,32799,2621665
rating,1999-01,25968,2647633
rating,1999-02,17147,2664780
rating,1999-03,8698,2673478
rating,1999-04,14828,2688306
rating,1999-05,13420,2701726
rating,1999-06,11869,2713595
rating,1999-07,10488,2724083
rating,1999-08,11559,2735642
rating,1999-09,31814,2767456
rating,1999-10,357598,3125054
rating,1999-11,240364,3365418
rating,1999-12,454631,3820049
rating,2000-01,173922,3993971
rating,2000-02,124685,4118656
rating,2000-03,151126,4269782
rating,2000-04,176386,4446168
rating,2000-05,112138,4558306
rating,2000-06,93654,4651960
rating,2000-07,152268,4804228
rating,2000-08,248455,5052683
rating,2000-09,80047,5132730
rating,2000-10,65503,5198233
rating,2000-11,407369,5605602
rating,2000-12,168106,5773708
rating,2001-01,134924,5908632
rating,2001-02,83439,5992071
rating,2001-03,73051,6065122
rating,2001-04,63208,6128330
rating,2001-05,53563,6181893
rating,2001-06,164700,6346593
rating,2001-07,153710,6500303
rating,2001-08,110417,6610720
rating,2001-09,94210,6704930
rating,2001-10,74447,6779377
rating,2001-11,90343,6869720
rating,2001-12,90113,6959833
rating,2002-01,99814,7059647
rating,2002-02,78382,7138029
rating,2002-03,65156,7203185
rating,2002-04,91036,7294221
rating,2002-05,65597,7359818
rating,2002-06,59240,7419058
rating,2002-07,64233,7483291
rating,2002-08,74170,7557461
rating,2002-09,59239,7616700
rating,2002-10,60024,7676724
rating,2002-11,70892,7747616
rating,2002-12,81936,7829552
rating,2003-01,114235,7943787
rating,2003-02,90394,8034181
rating,2003-03,97314,8131495
rating,2003-04,70323,8201818
rating,2003-05,89464,8291282
rating,2003-06,89973,8381255
rating,2003-07,97715,8478970
rating,2003-08,79095,8558065
rating,2003-09,76694,8634759
rating,2003-10,75645,8710404
rating,2003-11,78889,8789293
rating,2003-12,76137,8865430
rating,2004-01,96409,8961839
rating,2004-02,130468,9092307
rating,2004-03,113860,9206167
rating,2004-04,82112,9288279
rating,2004-05,98503,9386782
rating,2004-06,88147,9474929
rating,2004-07,93654,9568583
rating,2004-08,110076,9678659
rating,2004-09,97698,9776357
rating,2004-10,86600,9862957
rating,2004-11,90864,9953821
rating,2004-12,81658,10035479
rating,2005-01,140212,10175691
rating,2005-02,142839,10318530
rating,2005-03,347576,10666106
rating,2005-04,218095,10884201
rating,2005-05,161771,11045972
rating,2005-06,147274,11193246
rating,2005-07,125418,11318664
rating,2005-08,100345,11419009
rating,2005-09,106979,11525988
rating,2005-10,101346,11627334
rating,2005-11,111426,11738760
rating,2005-12,99877,11838637
rating,2006-01,127070,11965707
rating,2006-02,97743,12063450
rating,2006-03,115059,12178509
rating,2006-04,104382,12282891
rating,2006-05,85052,12367943
rating,2006-06,87310,12455253
rating,2006-07,109155,12564408
rating,2006-08,81820,12646228
rating,2006-09,76663,12722891
rating,2006-10,92586,12815477
rating,2006-11,81532,12897009
rating,2006-12,113464,13010473
rating,2007-01,119035,13129508
rating,2007-02,105738,13235246
rating,2007-03,99150,13334396
rating,2007-04,81640,13416036
rating,2007-05,85196,13501232
rating,2007-06,95091,13596323
rating,2007-07,94782,13691105
rating,2007-08,60269,13751374
rating,2007-09,61339,13812713
rating,2007-10,80645,13893358
rating,2007-11,82625,13975983
rating,2007-12,87920,14063903
rating,2008-01,107276,14171179
rating,2008-02,88460,14259639
rating,2008-03,83082,14342721
rating,2008-04,71960,14414681
rating,2008-05,67460,14482141
rating,2008-06,78600,14560741
rating,2008-07,98081,14658822
rating,2008-08,89498,14748320
rating,2008-09,76590,14824910
rating,2008-10,165185,14990095
rating,2008-11,137505,15127600
rating,2008-12,95080,15222680
rating,2009-01,115395,15338075
rating,2009-02,81954,15420029
rating,2009-03,98072,15518101
rating,2009-04,78893,15596994
rating,2009-05,75997,15672991
rating,2009-06,71464,15744455
rating,2009-07,71159,15815614
rating,2009-08,71959,15887573
rating,2009-09,67951,15955524
rating,2009-10,67419,16022943
rating,2009-11,61873,16084816
rating,2009-12,67900,16152716
rating,2010-01,84950,16237666
rating,2010-02,64789,16302455
rating,2010-03,70537,16372992
rating,2010-04,64241,16437233
rating,2010-05,63279,16500512
rating,2010-06,67614,16568126
rating,2010-07,74101,16642227
rating,2010-08,84086,16726313
rating,2010-09,96479,16822792
rating,2010-10,87421,16910213
rating,2010-11,76172,16986385
rating,2010-12,70022,17056407
rating,2011-01,82422,17138829
rating,2011-02,66254,17205083
rating,2011-03,77175,17282258
rating,2011-04,77098,17359356
rating,2011-05,70775,17430131
rating,2011-06,61829,17491960
rating,2011-07,61265,17553225
rating,2011-08,58981,17612206
rating,2011-09,51834,17664040
rating,2011-10,53097,17717137
rating,2011-11,53680,17770817
rating,2011-12,51956,17822773
rating,2012-01,52988,17875761
rating,2012-02,63860,17939621
rating,2012-03,61826,18001447
rating,2012-04,61879,18063326
rating,2012-05,89434,18152760
rating,2012-06,55536,18208296
rating,2012-07,60361,18268657
rating,2012-08,51594,18320251
rating,2012-09,52313,18372564
rating,2012-10,56996,18429560
rating,2012-11,60551,18490111
rating,2012-12,64051,18554162
rating,2013-01,64277,18618439
rating,2013-02,52565,18671004
rating,2013-03,50699,18721703
rating,2013-04,55884,18777587
rating,2013-05,51775,18829362
rating,2013-06,47537,18876899
rating,2013-07,48322,18925221
rating,2013-08,43273,18968494
rating,2013-09,64525,19033019
rating,2013-10,37296,19070315
rating,2013-11,39714,19110029
rating,2013-12,43460,19153489
rating,2014-01,46843,19200332
rating,2014-02,42988,19243320
rating,2014-03,44489,19287809
rating,2014-04,39339,19327148
rating,2014-05,40449,19367597
rating,2014-06,38185,19405782
rating,2014-07,41207,19446989
rating,2014-08,38618,19485607
rating,2014-09,32946,19518553
rating,2014-10,39032,19557585
rating,2014-11,79148,19636733
rating,2014-12,79644,19716377
rating,2015-01,107750,19824127
rating,2015-02,88458,19912585
rating,2015-03,87678,20000263
tag,2005-12,29,29
tag,2006-01,8244,8273
tag,2006-02,5504,13777
tag,2006-03,2657,16434
tag,2006-04,2713,19147
tag,2006-05,2289,21436
tag,2006-06,1693,23129
tag,2006-07,2244,25373
tag,2006-08,1194,26567
tag,2006-09,1952,28519
tag,2006-10,2083,30602
tag,2006-11,1496,32098
tag,2006-12,2061,34159
tag,2007-01,1776,35935
tag,2007-02,6414,42349
tag,2007-03,2985,45334
tag,2007-04,3070,48404
tag,2007-05,2022,50426
tag,2007-06,3436,53862
tag,2007-07,2353,56215
tag,2007-08,3382,59597
tag,2007-09,1589,61186
tag,2007-10,815,62001
tag,2007-11,1631,63632
tag,2007-12,1872,65504
tag,2008-01,2286,67790
tag,2008-02,1745,69535
tag,2008-03,1633,71168
tag,2008-04,1485,72653
tag,2008-05,887,73540
tag,2008-06,1342,74882
tag,2008-07,2408,77290
tag,2008-08,1752,79042
tag,2008-09,1416,80458
tag,2008-10,1761,82219
tag,2008-11,1483,83702
tag,2008-12,2123,85825
tag,2009-01,1708,87533
tag,2009-02,1129,88662
tag,2009-03,2751,91413
tag,2009-04,6537,97950
tag,2009-05,15108,113058
tag,2009-06,9816,122874
tag,2009-07,11644,134518
tag,2009-08,5503,140021
tag,2009-09,5141,145162
tag,2009-10,3356,148518
tag,2009-11,3088,151606
tag,2009-12,3200,154806
tag,2010-01,4729,159535
tag,2010-02,2526,162061
tag,2010-03,5735,167796
tag,2010-04,5895,173691
tag,2010-05,3874,177565
tag,2010-06,3443,181008
tag,2010-07,4791,185799
tag,2010-08,4751,190550
tag,2010-09,5284,195834
tag,2010-10,4567,200401
tag,2010-11,7048,207449
tag,2010-12,4785,212234
tag,2011-01,7430,219664
tag,2011-02,5033,224697
tag,2011-03,6808,231505
tag,2011-04,7331,238836
tag,2011-05,4804,243640
tag,2011-06,6097,249737
tag,2011-07,6099,255836
tag,2011-08,5162,260998
tag,2011-09,4729,265727
tag,2011-10,2936,268663
tag,2011-11,4752,273415
tag,2011-12,4162,277577
tag,2012-01,4878,282455
tag,2012-02,6173,288628
tag,2012-03,5375,294003
tag,2012-04,5911,299914
tag,2012-05,4814,304728
tag,2012-06,4164,308892
tag,2012-07,3846,312738
tag,2012-08,3508,316246
tag,2012-09,3125,319371
tag,2012-10,3547,322918
tag,2012-11,3988,326906
tag,2012-12,6046,332952
tag,2013-01,5580,338532
tag,2013-02,4542,343074
tag,2013-03,3275,346349
tag,2013-04,4525,350874
tag,2013-05,16323,367197
tag,2013-06,3357,370554
tag,2013-07,4106,374660
tag,2013-08,3436,378096
tag,2013-09,5023,383119
tag,2013-10,3047,386166
tag,2013-11,3867,390033
tag,2013-12,4373,394406
tag,2014-01,4837,399243
tag,2014-02,2940,402183
tag,2014-03,3917,406100
tag,2014-04,2488,408588
tag,2014-05,5598,414186
tag,2014-06,4764,418950
tag,2014-07,3671,422621
tag,2014-08,4564,427185
tag,2014-09,3557,430742
tag,2014-10,4254,434996
tag,2014-11,4753,439749
tag,2014-12,5891,445640
tag,2015-01,7794,453434
tag,2015-02,6538,459972
tag,2015-03,5592,465564
