table,source_file,column,polars_inferred_type,row_count,null_count
genome_scores,genome_scores.csv,movieId,Int64,11709768,0
genome_scores,genome_scores.csv,relevance,Float64,11709768,0
genome_scores,genome_scores.csv,tagId,Int64,11709768,0
genome_tags,genome_tags.csv,tag,String,1128,0
genome_tags,genome_tags.csv,tagId,Int64,1128,0
link,link.csv,imdbId,Int64,27278,0
link,link.csv,movieId,Int64,27278,0
link,link.csv,tmdbId,Int64,27278,252
movie,movie.csv,genres,String,27278,0
movie,movie.csv,movieId,Int64,27278,0
movie,movie.csv,title,String,27278,0
rating,rating.csv,movieId,Int64,20000263,0
rating,rating.csv,rating,Float64,20000263,0
rating,rating.csv,timestamp,String,20000263,0
rating,rating.csv,userId,Int64,20000263,0
tag,tag.csv,movieId,Int64,465564,0
tag,tag.csv,tag,String,465564,0
tag,tag.csv,timestamp,String,465564,0
tag,tag.csv,userId,Int64,465564,0
