movieId,title,title_parse_status
40697,Babylon 5,no_recognizable_terminal_year
79607,"Millions Game, The (Das Millionenspiel)",no_recognizable_terminal_year
87442,"Bicycle, Spoon, Apple (Bicicleta, cullera, poma)",no_recognizable_terminal_year
107434,Diplomatic Immunity (2009– ),year_range_review
108548,"Big Bang Theory, The (2007-)",year_range_review
108583,Fawlty Towers (1975-1979),year_range_review
112406,Brazil: In the Shadow of the Stadiums,no_recognizable_terminal_year
113190,Slaying the Badger,no_recognizable_terminal_year
115133,Tatort: Im Schmerz geboren,no_recognizable_terminal_year
115685,National Theatre Live: Frankenstein,no_recognizable_terminal_year
125571,The Court-Martial of Jackie Robinson,no_recognizable_terminal_year
125632,In Our Garden,no_recognizable_terminal_year
125958,Stephen Fry In America - New World,no_recognizable_terminal_year
126438,Two: The Story of Roman & Nyro,no_recognizable_terminal_year
126929,Li'l Quinquin,no_recognizable_terminal_year
127005,A Year Along the Abandoned Road,no_recognizable_terminal_year
128612,Body/Cialo,no_recognizable_terminal_year
128734,Polskie gówno,no_recognizable_terminal_year
129651,The Third Reich: The Rise & Fall,no_recognizable_terminal_year
129705,My Own Man,no_recognizable_terminal_year
129887,Moving Alan,no_recognizable_terminal_year
130454,Michael Laudrup - en Fodboldspiller,no_recognizable_terminal_year
