movieId,title,genres,movie_name,year
40697,Babylon 5,Sci-Fi,,
79607,"Millions Game, The (Das Millionenspiel)",Action|Drama|Sci-Fi|Thriller,,
87442,"Bicycle, Spoon, Apple (Bicicleta, cullera, poma)",Documentary,,
98063,Mona and the Time of Burning Love (Mona ja palavan rakkauden aika) (1983)),Drama,,
107434,Diplomatic Immunity (2009– ),Comedy,,
108548,"Big Bang Theory, The (2007-)",Comedy,,
108583,Fawlty Towers (1975-1979),Comedy,,
112406,Brazil: In the Shadow of the Stadiums,Documentary,,
113190,Slaying the Badger,Documentary,,
115133,Tatort: Im Schmerz geboren,Crime,,
115685,National Theatre Live: Frankenstein,Drama|Fantasy,,
125571,The Court-Martial of Jackie Robinson,(no genres listed),,
125632,In Our Garden,(no genres listed),,
125958,Stephen Fry In America - New World,(no genres listed),,
126438,Two: The Story of Roman & Nyro,Documentary|Drama,,
126929,Li'l Quinquin,(no genres listed),,
127005,A Year Along the Abandoned Road,(no genres listed),,
128612,Body/Cialo,Comedy|Drama|Mystery,,
128734,Polskie gówno,Comedy|Musical,,
129651,The Third Reich: The Rise & Fall,(no genres listed),,
129705,My Own Man,(no genres listed),,
129887,Moving Alan,(no genres listed),,
130454,Michael Laudrup - en Fodboldspiller,(no genres listed),,
