title,movie_name,year
Skokie (1981),,
"Babe Ruth Story, The (1948) ",,
"Heroes of Telemark, The (1965) ",,
Deadly Advice(1994),,
Babylon 5,,
"Millions Game, The (Das Millionenspiel)",,
"Truth, The (2010) ",,
"Wedding Song, The (2008) ",,
"White Hell of Pitz Palu, The (Die weiße Hölle vom Piz Palü) (1929) ",,
"Pool, The (Swimming Pool - Der Tod feiert mit) (2001) ",,
"Bicycle, Spoon, Apple (Bicicleta, cullera, poma)",,
"Possession of David O'Reilly, The (2010) ",,
"Horrible Way to Die, A (2010) ",,
Me and the Colonel (1958),,
"Legend of Suram Fortress, The (Ambavi Suramis tsikhitsa) (1986) ",,
On the Double (1961),,
Here Comes Peter Cottontail (1971),,
Mystics in Bali (Leák)(1981),,
"Silence Before Bach, The (Die Stille vor Bach) (2007) ",,
"Poseidon Adventure, The (2005) ",,
"Nun, The (La monja) (2005) ",,
"Eleventh Year, The (Odinnadtsatyy) (1928) ",,
"Fairy, The (La fée) (2011) ",,
"Lost, Lost, Lost (1976) ",,
"Craigslist Killer, The (2011) ",,
"Rites of May, The (Itim) (1977) ",,
"Age of the Medici, The (L'età di Cosimo de Medici) (1973) ",,
"Den tatuerade änkan (Tattooed Widow, The) (1998) ",,
Mona and the Time of Burning Love (Mona ja palavan rakkauden aika) (1983)),,
"Woman's Face, A (En kvinnas ansikte) (1938) ",,
"Act of Seeing with One's Own Eyes, The (1971) ",,
"Net 2.0, The (2006) ",,
Holy Flame of the Martial World (Wu lin sheng huo jin)(1983),,
"World According to Dick Cheney, The (2013) ",,
"Suicide Shop, The (Le magasin des suicides) (2012) ",,
"Chameleon, The (2010) ",,
Diplomatic Immunity (2009– ),,
"Big Bang Theory, The (2007-)",,
Fawlty Towers (1975-1979),,
"Gentle Breeze in the Village, A (Tennen kokekkô) (2007) ",,
Brazil: In the Shadow of the Stadiums,,
Slaying the Badger,,
Tatort: Im Schmerz geboren,,
National Theatre Live: Frankenstein,,
The Court-Martial of Jackie Robinson,,
In Our Garden,,
Stephen Fry In America - New World,,
Two: The Story of Roman & Nyro,,
Li'l Quinquin,,
A Year Along the Abandoned Road,,
Body/Cialo,,
Polskie gówno,,
The Third Reich: The Rise & Fall,,
My Own Man,,
Moving Alan,,
Michael Laudrup - en Fodboldspiller,,
